"Microsoft .NET Framework Data Provider for SQL Server","Foreign Keys","database_name","String","Name of the database."
"Microsoft .NET Framework Data Provider for SQL Server","Foreign Keys","Dbid","Int16","Database ID."
"Microsoft .NET Framework Data Provider for SQL Server","Foreign Keys","create_date","DateTime","Creation Date of the database."
"Microsoft .NET Framework Data Provider for SQL Server","Indexes","constraint_catalog","String","Catalog the constraint belongs to."
"Microsoft .NET Framework Data Provider for SQL Server","Indexes","constraint_schema","String","Schema that contains the constraint."
"Microsoft .NET Framework Data Provider for SQL Server","Indexes","constraint_name","String","Name."
"Microsoft .NET Framework Data Provider for SQL Server","Indexes","table_catalog","String","Table Name constraint is part of."
"Microsoft .NET Framework Data Provider for SQL Server","Indexes","table_schema","String","Schema that that contains the table."
"Microsoft .NET Framework Data Provider for SQL Server","Indexes","table_name","String","Table Name"
"Microsoft .NET Framework Data Provider for SQL Server","Indexes","constraint_type","String","Type of constraint. Only "FOREIGN KEY" is allowed."
"Microsoft .NET Framework Data Provider for SQL Server","Indexes","is_deferrable","String","Specifies whether the constraint is deferrable. Returns NO."
"Microsoft .NET Framework Data Provider for SQL Server","Indexes","initially_deferred","String","Specifies whether the constraint is initially deferrable. Returns NO."
"Microsoft .NET Framework Data Provider for SQL Server","IndexColumns","constraint_catalog","String","Catalog that index belongs to."
"Microsoft .NET Framework Data Provider for SQL Server","IndexColumns","constraint_schema","String","Schema that contains the index."
"Microsoft .NET Framework Data Provider for SQL Server","IndexColumns","constraint_name","String","Name of the index."
"Microsoft .NET Framework Data Provider for SQL Server","IndexColumns","table_catalog","String","Table name the index is associated with."
"Microsoft .NET Framework Data Provider for SQL Server","IndexColumns","table_schema","String","Schema that contains the table the index is associated with."
"Microsoft .NET Framework Data Provider for SQL Server","IndexColumns","table_name","String","Table Name."
"Microsoft .NET Framework Data Provider for SQL Server","Procedures","constraint_catalog","String","Catalog that index belongs to."
"Microsoft .NET Framework Data Provider for SQL Server","Procedures","constraint_schema","String","Schema that contains the index."
"Microsoft .NET Framework Data Provider for SQL Server","Procedures","constraint_name","String","Name of the index."
"Microsoft .NET Framework Data Provider for SQL Server","Procedures","table_catalog","String","Table name the index is associated with."
"Microsoft .NET Framework Data Provider for SQL Server","Procedures","table_schema","String","Schema that contains the table the index is associated with."
"Microsoft .NET Framework Data Provider for SQL Server","Procedures","table_name","String","Table Name."
"Microsoft .NET Framework Data Provider for SQL Server","Procedures","column_name","String","Column name the index is associated with."
"Microsoft .NET Framework Data Provider for SQL Server","Procedures","ordinal_position","Int32","Column ordinal position."
"Microsoft .NET Framework Data Provider for SQL Server","Procedures","KeyType","UInt16","The type of object."
"Microsoft .NET Framework Data Provider for SQL Server","Procedure Parameters","specific_catalog","String","Specific name for the catalog."
"Microsoft .NET Framework Data Provider for SQL Server","Procedure Parameters","specific_schema","String","Specific name of the schema."
"Microsoft .NET Framework Data Provider for SQL Server","Procedure Parameters","specific_name","String","Specific name of the catalog."
"Microsoft .NET Framework Data Provider for SQL Server","Procedure Parameters","routine_catalog","String","Catalog the stored procedure belongs to."
"Microsoft .NET Framework Data Provider for SQL Server","Procedure Parameters","routine_schema","String","Schema that contains the stored procedure."
"Microsoft .NET Framework Data Provider for SQL Server","Procedure Parameters","routine_name","String","Name of the stored procedure."
"Microsoft .NET Framework Data Provider for SQL Server","Procedure Parameters","routine_type","String","Returns PROCEDURE for stored procedures and FUNCTION for functions."
"Microsoft .NET Framework Data Provider for SQL Server","Procedure Parameters","created","DateTime","Time the procedure was created."
"Microsoft .NET Framework Data Provider for SQL Server","Procedure Parameters","last_altered","DateTime","The last time the procedure was modified."
"Microsoft .NET Framework Data Provider for SQL Server","Tables","specific_catalog","String","Catalog name of the procedure for which this is a parameter."
"Microsoft .NET Framework Data Provider for SQL Server","Tables","specific_schema","String","Schema that contains the procedure for which this parameter is part of."
"Microsoft .NET Framework Data Provider for SQL Server","Tables","specific_name","String","Name of the procedure for which this parameter is a part of."
"Microsoft .NET Framework Data Provider for SQL Server","Tables","ordinal_position","Int16","Ordinal position of the parameter starting at 1. For the return value of a procedure, this is a 0."
"Microsoft .NET Framework Data Provider for SQL Server","Tables","parameter_mode","String","Returns IN if an input parameter, OUT if an output parameter, and INOUT if an input/output parameter."
"Microsoft .NET Framework Data Provider for SQL Server","Tables","is_result","String","Returns YES if indicates result of the procedure that is a function. Otherwise, returns NO."
"Microsoft .NET Framework Data Provider for SQL Server","Tables","as_locator","String","Returns YES if declared as locator. Otherwise, returns NO."
"Microsoft .NET Framework Data Provider for SQL Server","Tables","parameter_name","String","Name of the parameter. NULL if this corresponds to the return value of a function."
"Microsoft .NET Framework Data Provider for SQL Server","Tables","data_type","String","System-supplied data type."
"Microsoft .NET Framework Data Provider for SQL Server","Tables","character_maximum_length","Int32","Maximum length in characters for binary or character data types. Otherwise, returns NULL."
"Microsoft .NET Framework Data Provider for SQL Server","Tables","character_octet_length","Int32","Maximum length, in bytes, for binary or character data types. Otherwise, returns NULL."
"Microsoft .NET Framework Data Provider for SQL Server","Tables","collation_catalog","String","Catalog name of the collation of the parameter. If not one of the character types, returns NULL."
"Microsoft .NET Framework Data Provider for SQL Server","Tables","collation_schema","String","Always returns NULL."
"Microsoft .NET Framework Data Provider for SQL Server","Tables","collation_name","String","Name of the collation of the parameter. If not one of the character types, returns NULL."
"Microsoft .NET Framework Data Provider for SQL Server","Tables","character_set_catalog","String","Catalog name of the character set of the parameter. If not one of the character types, returns NULL."
"Microsoft .NET Framework Data Provider for SQL Server","Tables","character_set_schema","String","Always returns NULL."
"Microsoft .NET Framework Data Provider for SQL Server","Tables","character_set_name","String","Name of the character set of the parameter. If not one of the character types, returns NULL."
"Microsoft .NET Framework Data Provider for SQL Server","Tables","numeric_precision","Byte","Precision of approximate numeric data, exact numeric data, integer data, or monetary data. Otherwise, returns NULL."
"Microsoft .NET Framework Data Provider for SQL Server","Tables","numeric_precision_radix","Int16","Precision radix of approximate numeric data, exact numeric data, integer data, or monetary data. Otherwise, returns NULL."
"Microsoft .NET Framework Data Provider for SQL Server","Tables","numeric_scale","Int32","Scale of approximate numeric data, exact numeric data, integer data, or monetary data. Otherwise, returns NULL."
"Microsoft .NET Framework Data Provider for SQL Server","Tables","datetime_precision","Int16","Precision in fractional seconds if the parameter type is datetime or smalldatetime. Otherwise, returns NULL."
"Microsoft .NET Framework Data Provider for SQL Server","Tables","interval_type","String","NULL. Reserved for future use by SQL Server."
"Microsoft .NET Framework Data Provider for SQL Server","Tables","interval_precision","Int16","NULL. Reserved for future use by SQL Server."
"Microsoft .NET Framework Data Provider for SQL Server","Columns","table_catalog","String","Catalog of the table."
"Microsoft .NET Framework Data Provider for SQL Server","Columns","table_schema","String","Schema that contains the table."
"Microsoft .NET Framework Data Provider for SQL Server","Columns","table_name","String","Table name."
"Microsoft .NET Framework Data Provider for SQL Server","Columns","table_type","String","Type of table. Can be VIEW or BASE TABLE."
"Microsoft .NET Framework Data Provider for SQL Server","Users","table_catalog","String","Catalog of the table."
"Microsoft .NET Framework Data Provider for SQL Server","Users","table_schema","String","Schema that contains the table."
"Microsoft .NET Framework Data Provider for SQL Server","Users","table_name","String","Table name."
"Microsoft .NET Framework Data Provider for SQL Server","Users","column_name","String","Column name."
"Microsoft .NET Framework Data Provider for SQL Server","Users","ordinal_position","Int16","Column identification number."
"Microsoft .NET Framework Data Provider for SQL Server","Users","column_default","String","Default value of the column"
"Microsoft .NET Framework Data Provider for SQL Server","Users","is_nullable","String","Nullability of the column. If this column allows NULL, this column returns YES. Otherwise, No is returned."
"Microsoft .NET Framework Data Provider for SQL Server","Users","data_type","String","System-supplied data type."
"Microsoft .NET Framework Data Provider for SQL Server","Users","character_maximum_length","Int32 – Sql8, Int16 – Sql7","Maximum length, in characters, for binary data, character data, or text and image data. Otherwise, NULL is returned."
"Microsoft .NET Framework Data Provider for SQL Server","Users","character_octet_length","Int32 – SQL8, Int16 – Sql7","Maximum length, in bytes, for binary data, character data, or text and image data. Otherwise, NULL is returned."
"Microsoft .NET Framework Data Provider for SQL Server","Users","numeric_precision","Unsigned Byte","Precision of approximate numeric data, exact numeric data, integer data, or monetary data. Otherwise, NULL is returned."
"Microsoft .NET Framework Data Provider for SQL Server","Users","numeric_precision_radix","Int16","Precision radix of approximate numeric data, exact numeric data, integer data, or monetary data. Otherwise, NULL is returned."
"Microsoft .NET Framework Data Provider for SQL Server","Users","numeric_scale","Int32","Scale of approximate numeric data, exact numeric data, integer data, or monetary data. Otherwise, NULL is returned."
"Microsoft .NET Framework Data Provider for SQL Server","Users","datetime_precision","Int16","Subtype code for datetime and SQL-92 interval data types. For other data types, NULL is returned."
"Microsoft .NET Framework Data Provider for SQL Server","Users","character_set_catalog","String","Returns master, indicating the database in which the character set is located, if the column is character data or text data type. Otherwise, NULL is returned."
"Microsoft .NET Framework Data Provider for SQL Server","Users","character_set_schema","String","Always returns NULL."
"Microsoft .NET Framework Data Provider for SQL Server","Users","character_set_name","String","Returns the unique name for the character set if this column is character data or text data type. Otherwise, NULL is returned."
"Microsoft .NET Framework Data Provider for SQL Server","Users","collation_catalog","String","Returns master, indicating the database in which the collation is defined, if the column is character data or text data type. Otherwise, this column is NULL."
"Microsoft .NET Framework Data Provider for SQL Server","Views","uid","Int16","User ID, unique in this database. 1 is the database owner."
"Microsoft .NET Framework Data Provider for SQL Server","Views","name","String","Username or group name, unique in this database."
"Microsoft .NET Framework Data Provider for SQL Server","Views","createdate","DateTime","Date the account was added."
"Microsoft .NET Framework Data Provider for SQL Server","Views","updatedate","DateTime","Date the account was last changed."
"Microsoft .NET Framework Data Provider for SQL Server","ViewColumns","table_catalog","String","Catalog of the view."
"Microsoft .NET Framework Data Provider for SQL Server","ViewColumns","table_schema","String","Schema that contains the view."
"Microsoft .NET Framework Data Provider for SQL Server","ViewColumns","table_name","String","View name."
"Microsoft .NET Framework Data Provider for SQL Server","ViewColumns","check_option","String","Type of WITH CHECK OPTION. Is CASCADE if the original view was created using the WITH CHECK OPTION. Otherwise, NONE is returned."
"Microsoft .NET Framework Data Provider for SQL Server","ViewColumns","is_updatable","String","Specifies whether the view is updatable. Always returns NO."
"Microsoft .NET Framework Data Provider for SQL Server","UserDefinedTypes","view_catalog","String","Catalog of the view."
"Microsoft .NET Framework Data Provider for SQL Server","UserDefinedTypes","view_schema","String","Schema that contains the view."
"Microsoft .NET Framework Data Provider for SQL Server","UserDefinedTypes","view_name","String","View name."
"Microsoft .NET Framework Data Provider for SQL Server","UserDefinedTypes","table_catalog","String","Catalog of the table that is associated with this view."
"Microsoft .NET Framework Data Provider for SQL Server","UserDefinedTypes","table_schema","String","Schema that contains the table that is associated with this view."
"Microsoft .NET Framework Data Provider for SQL Server","UserDefinedTypes","table_name","String","Name of the table that is associated with the view. Base Table."
"Microsoft .NET Framework Data Provider for SQL Server","UserDefinedTypes","column_name","String","Column name."
"Microsoft .NET Framework Data Provider for Oracle","UserDefinedTypes","assembly_name","String","The name of the file for the assembly."
"Microsoft .NET Framework Data Provider for Oracle","UserDefinedTypes","UDT_name","String","The class name for the assembly."
"Microsoft .NET Framework Data Provider for Oracle","UserDefinedTypes","version_major","Object","Major Version Number."
"Microsoft .NET Framework Data Provider for Oracle","UserDefinedTypes","version_minor","Object","Minor Version Number."
"Microsoft .NET Framework Data Provider for Oracle","UserDefinedTypes","version_build","Object","Build Number."
"Microsoft .NET Framework Data Provider for Oracle","UserDefinedTypes","version_revision","Object","Revision Number."
"Microsoft .NET Framework Data Provider for Oracle","UserDefinedTypes","Culture_info","Object","The culture information associated with this UDT."
"Microsoft .NET Framework Data Provider for Oracle","UserDefinedTypes","Public_key","Object","The public key used by this Assembly."
"Microsoft .NET Framework Data Provider for Oracle","UserDefinedTypes","Is_fixed_length","Boolean","Specifies whether length of type is always same as max_length."
"Microsoft .NET Framework Data Provider for Oracle","UserDefinedTypes","max_length","Int16","Maximum length of type in bytes."
"Microsoft .NET Framework Data Provider for Oracle","UserDefinedTypes","permission_set_desc","String","The friendly name for the permission-set/security-level for the assembly."
"Microsoft .NET Framework Data Provider for Oracle","UserDefinedTypes","create_date","DateTime","The date the assembly was created/registered."
"Microsoft .NET Framework Data Provider for Oracle","Indexes","OWNER","String","Owner of the table, view or cluster."
"Microsoft .NET Framework Data Provider for Oracle","Indexes","TABLE_NAME","String","Table, view, or cluster name."
"Microsoft .NET Framework Data Provider for Oracle","Indexes","COLUMN_NAME","String","Column name."
"Microsoft .NET Framework Data Provider for Oracle","Indexes","ID","Decimal","Sequence number of the column as created."
"Microsoft .NET Framework Data Provider for Oracle","Indexes","DATATYPE","String","Datatype of the column."
"Microsoft .NET Framework Data Provider for Oracle","Indexes","LENGTH","Decimal","Length of the column in bytes."
"Microsoft .NET Framework Data Provider for Oracle","Indexes","PRECISION","Decimal","Decimal precision for NUMBER datatype; binary precision for FLOAT datatype, null for all other datatypes."
"Microsoft .NET Framework Data Provider for Oracle","Indexes","SCALE","Decimal","Digits to right of decimal point in a number."
"Microsoft .NET Framework Data Provider for Oracle","Indexes","NULLABLE","String","Specifies whether a column allows NULLs. Value is N if there is a NOT NULL constraint on the column or if the column is part of a PRIMARY KEY."
"Microsoft .NET Framework Data Provider for Oracle","IndexColumns","OWNER","String","Owner of the index"
"Microsoft .NET Framework Data Provider for Oracle","IndexColumns","INDEX_NAME","String","Name of the index."
"Microsoft .NET Framework Data Provider for Oracle","IndexColumns","INDEX_TYPE","String","Type of index (NORMAL, BITMAP, FUNCTION-BASED NORMAL, FUNCTION-BASED BITMAP, or DOMAIN)."
"Microsoft .NET Framework Data Provider for Oracle","IndexColumns","TABLE_OWNER","String","Owner of the indexed object."
"Microsoft .NET Framework Data Provider for Oracle","IndexColumns","TABLE_NAME","String","Name of the indexed object."
"Microsoft .NET Framework Data Provider for Oracle","IndexColumns","TABLE_TYPE","String","Type of the indexed object (for example, TABLE, CLUSTER)."
"Microsoft .NET Framework Data Provider for Oracle","IndexColumns","UNIQUENESS","String","Whether the index is UNIQUE or NONUNIQUE."
"Microsoft .NET Framework Data Provider for Oracle","IndexColumns","COMPRESSION","String","Whether the index is ENABLED or DISABLED."
"Microsoft .NET Framework Data Provider for Oracle","IndexColumns","PREFIX_LENGTH","Decimal","Number of columns in the prefix of the compression key."
"Microsoft .NET Framework Data Provider for Oracle","IndexColumns","TABLESPACE_NAME","String","Name of the tablespace containing the index."
"Microsoft .NET Framework Data Provider for Oracle","IndexColumns","INI_TRANS","Decimal","Initial number of transactions."
"Microsoft .NET Framework Data Provider for Oracle","IndexColumns","MAX_TRANS","Decimal","Maximum number of transactions."
"Microsoft .NET Framework Data Provider for Oracle","IndexColumns","INITIAL_EXTENT","Decimal","Size of the initial extent."
"Microsoft .NET Framework Data Provider for Oracle","IndexColumns","NEXT_EXTENT","Decimal","Size of secondary extents."
"Microsoft .NET Framework Data Provider for Oracle","IndexColumns","MIN_EXTENTS","Decimal","Minimum number of extents allowed in the segment."
"Microsoft .NET Framework Data Provider for Oracle","IndexColumns","MAX_EXTENTS","Decimal","Maximum number of extents allowed in the segment."
"Microsoft .NET Framework Data Provider for Oracle","IndexColumns","PCT_INCREASE","Decimal","Percentage increase in extent size."
"Microsoft .NET Framework Data Provider for Oracle","IndexColumns","PCT_THRESHOLD","Decimal","Threshold percentage of block space allowed per index entry."
"Microsoft .NET Framework Data Provider for Oracle","IndexColumns","INCLUDE_COLUMN","Decimal","Column ID of the last column to be included in index-organized table primary key (non-overflow) index. This column maps to the COLUMN_ID column of the *_TAB_COLUMNS data dictionary views."
"Microsoft .NET Framework Data Provider for Oracle","IndexColumns","FREELISTS","Decimal","Number of process freelists allocated to this segment."
"Microsoft .NET Framework Data Provider for Oracle","IndexColumns","FREELIST_GROUPS","Decimal","Number of freelist groups allocated to this segment."
"Microsoft .NET Framework Data Provider for Oracle","IndexColumns","PCT_FREE","Decimal","Minimum percentage of free space in a block."
"Microsoft .NET Framework Data Provider for Oracle","IndexColumns","LOGGING","String","Logging information."
"Microsoft .NET Framework Data Provider for Oracle","IndexColumns","BLEVEL","Decimal","B*-Tree level: depth of the index from its root block to its leaf blocks. A depth of 0 indicates that the root block and leaf block are the same."
"Microsoft .NET Framework Data Provider for Oracle","IndexColumns","LEAF_BLOCKS","Decimal","Number of leaf blocks in the index"
"Microsoft .NET Framework Data Provider for Oracle","IndexColumns","DISTINCT_KEYS","Decimal","Number of distinct indexed values. For indexes that enforce UNIQUE and PRIMARY KEY constraints, this value is the same as the number of rows in the table (USER_TABLES.NUM_ROWS)."
"Microsoft .NET Framework Data Provider for Oracle","IndexColumns","AVG_LEAF_BLOCKS_PER_KEY","Decimal","Average number of leaf blocks in which each distinct value in the index appears rounded to the nearest integer. For indexes that enforce UNIQUE and PRIMARY KEY constraints, this value is always 1."
"Microsoft .NET Framework Data Provider for Oracle","IndexColumns","AVG_DATA_BLOCKS_PER_KEY","Decimal","Average number of data blocks in the table that are pointed to by a distinct value in the index rounded to the nearest integer. This statistic is the average number of data blocks that contain rows that contain a given value for the indexed columns."
"Microsoft .NET Framework Data Provider for Oracle","IndexColumns","CLUSTERING_FACTOR","Decimal","Indicates the amount of order of the rows in the table based on the values of the index."
"Microsoft .NET Framework Data Provider for Oracle","IndexColumns","STATUS","String","Whether a nonpartitioned index is VALID or UNUSABLE."
"Microsoft .NET Framework Data Provider for Oracle","IndexColumns","NUM_ROWS","Decimal","Number of rows in the index."
"Microsoft .NET Framework Data Provider for Oracle","IndexColumns","SAMPLE_SIZE","Decimal","Size of the sample used to analyze the index."
"Microsoft .NET Framework Data Provider for Oracle","IndexColumns","LAST_ANALYZED","DateTime","Date on which this index was most recently analyzed."
"Microsoft .NET Framework Data Provider for Oracle","IndexColumns","DEGREE","String","Number of threads per instance for scanning the index."
"Microsoft .NET Framework Data Provider for Oracle","IndexColumns","INSTANCES","String","Number of instances across which the indexes to be scanned."
"Microsoft .NET Framework Data Provider for Oracle","IndexColumns","PARTITIONED","String","Whether this index is partitioned (YES | NO)."
"Microsoft .NET Framework Data Provider for Oracle","IndexColumns","TEMPORARY","String","Whether the index is on a temporary table."
"Microsoft .NET Framework Data Provider for Oracle","IndexColumns","GENERATED","String","Whether the name of the index is system generated (Y|N)."
"Microsoft .NET Framework Data Provider for Oracle","IndexColumns","SECONDARY","String","Whether the index is a secondary object created by the ODCIIndexCreate method of the Oracle9i Data Cartridge (Y|N)."
"Microsoft .NET Framework Data Provider for Oracle","IndexColumns","BUFFER_POOL","String","Name of the default buffer pool to be used for the index blocks."
"Microsoft .NET Framework Data Provider for Oracle","IndexColumns","USER_STATS","String","Whether the statistics were entered directly by the user."
"Microsoft .NET Framework Data Provider for Oracle","IndexColumns","DURATION","String","Indicates the duration of a temporary table: 1)SYS$SESSION: the rows are preserved for the duration of the session, 2) SYS$TRANSACTION: the rows are deleted after COMMIT, 3) Null for permanent Table"
"Microsoft .NET Framework Data Provider for Oracle","IndexColumns","PCT_DIRECT_ACCESS","Decimal","For a secondary index on an index-organized table, the percentage of rows with VALID guess"
"Microsoft .NET Framework Data Provider for Oracle","IndexColumns","ITYP_OWNER","String","For a domain index, the owner of the indextype."
"Microsoft .NET Framework Data Provider for Oracle","IndexColumns","ITYP_NAME","String","For a domain index, the name of the indextype."
"Microsoft .NET Framework Data Provider for Oracle","IndexColumns","PARAMETERS","String","For a domain index, the parameter string."
"Microsoft .NET Framework Data Provider for Oracle","IndexColumns","GLOBAL_STATS","String","For partitioned indexes, indicates whether statistics were collected by analyzing index as a whole (YES) or were estimated from statistics on underlying index partitions and subpartitions (NO)."
"Microsoft .NET Framework Data Provider for Oracle","IndexColumns","DOMIDX_STATUS","String","Reflects the status of the domain index. NULL: the specified index is not a domain index. VALID: the index is a valid domain index. IDXTYP_INVLD: the index type of this domain index is invalid."
"Microsoft .NET Framework Data Provider for Oracle","IndexColumns","DOMIDX_OPSTATUS","String","Reflects the status of an operation that was performed on a domain index: NULL: the specified index is not a domain index. VALID: the operation performed without errors. FAILED: the operation failed with an error."
"Microsoft .NET Framework Data Provider for Oracle","IndexColumns","FUNCIDX_STATUS","String","Indicates the status of a function-based index: NULL: this is not a function-based index, ENABLED: the function-based index is enabled, DISABLED: the function-based index is disabled."
"Microsoft .NET Framework Data Provider for Oracle","IndexColumns","JOIN_INDEX","String","Indicates whether this is a join index or not."
"Microsoft .NET Framework Data Provider for Oracle","Procedures","INDEX_OWNER","String","Owner of the index."
"Microsoft .NET Framework Data Provider for Oracle","Procedures","INDEX_NAME","String","Name of the index."
"Microsoft .NET Framework Data Provider for Oracle","Procedures","TABLE_OWNER","String","Owner of the table or cluster."
"Microsoft .NET Framework Data Provider for Oracle","Procedures","TABLE_NAME","String","Name of the table or cluster."
"Microsoft .NET Framework Data Provider for Oracle","Procedures","COLUMN_NAME","String","Column name or attribute of object type column."
"Microsoft .NET Framework Data Provider for Oracle","Procedures","COLUMN_POSITION","Decimal","Position of column or attribute within the index."
"Microsoft .NET Framework Data Provider for Oracle","Procedures","COLUMN_LENGTH","Decimal","Indexed length of the column."
"Microsoft .NET Framework Data Provider for Oracle","Procedures","CHAR_LENGTH","Decimal","Maximum codepoint length of the column."
"Microsoft .NET Framework Data Provider for Oracle","Procedures","DESCEND","String","Whether the column is sorted in descending order."
"Microsoft .NET Framework Data Provider for Oracle","Sequences","OWNER","String","Owner of the object."
"Microsoft .NET Framework Data Provider for Oracle","Sequences","OBJECT_NAME","String","Name of the object."
"Microsoft .NET Framework Data Provider for Oracle","Sequences","SUBOBJECT_NAME","String","Name of the subobject (for example, partition)."
"Microsoft .NET Framework Data Provider for Oracle","Sequences","OBJECT_ID","Decimal","Dictionary object number of the object."
"Microsoft .NET Framework Data Provider for Oracle","Sequences","DATA_OBJECT_ID","Decimal","Dictionary object number of the segment that contains the object."
"Microsoft .NET Framework Data Provider for Oracle","Sequences","LAST_DDL_TIME","DateTime","Timestamp for the last modification of the object resulting from a DDL command (including grants and revokes)."
"Microsoft .NET Framework Data Provider for Oracle","Sequences","TIMESTAMP","String","Timestamp for the specification of the object (character data)."
"Microsoft .NET Framework Data Provider for Oracle","Sequences","STATUS","String","Status of the object (VALID, INVALID, or N/A)."
"Microsoft .NET Framework Data Provider for Oracle","Sequences","TEMPORARY","String","Whether the object is temporary (the current session can see only data that it placed in this object itself)."
"Microsoft .NET Framework Data Provider for Oracle","Sequences","GENERATED","String","Was the name of this object system generated? (Y | N)."
"Microsoft .NET Framework Data Provider for Oracle","Sequences","SECONDARY","String","Whether this is a secondary object created by the ODCIIndexCreate method of the Oracle9i Data Cartridge (Y | N)."
"Microsoft .NET Framework Data Provider for Oracle","Sequences","CREATED","DateTime","The date the object was created."
"Microsoft .NET Framework Data Provider for Oracle","Synonyms","SEQUENCE_OWNER","String","Name of the owner of the sequence."
"Microsoft .NET Framework Data Provider for Oracle","Synonyms","SEQUENCE_NAME","String","Sequence name."
"Microsoft .NET Framework Data Provider for Oracle","Synonyms","MIN_VALUE","Decimal","Minimum value of the sequence."
"Microsoft .NET Framework Data Provider for Oracle","Synonyms","MAX_VALUE","Decimal","Maximum value of the sequence."
"Microsoft .NET Framework Data Provider for Oracle","Synonyms","INCREMENT_BY","Decimal","Value by which sequence is incremented."
"Microsoft .NET Framework Data Provider for Oracle","Synonyms","CYCLE_FLAG","String","Does sequence wrap around on reaching limit."
"Microsoft .NET Framework Data Provider for Oracle","Synonyms","ORDER_FLAG","String","Are sequence numbers generated in order."
"Microsoft .NET Framework Data Provider for Oracle","Synonyms","CACHE_SIZE","Decimal","Number of sequence numbers to cache."
"Microsoft .NET Framework Data Provider for Oracle","Synonyms","LAST_NUMBER","Decimal","Last sequence number written to disk. If a sequence uses caching, the number written to disk is the last number placed in the sequence cache. This number is likely to be greater than the last sequence number that was used."
"Microsoft .NET Framework Data Provider for Oracle","Tables","OWNER","String","Owner of the synonym."
"Microsoft .NET Framework Data Provider for Oracle","Tables","SYNONYM_NAME","String","Name of the synonym."
"Microsoft .NET Framework Data Provider for Oracle","Tables","TABLE_OWNER","String","Owner of the object referenced by the synonym."
"Microsoft .NET Framework Data Provider for Oracle","Tables","TABLE_NAME","String","Name of the object referenced by the synonym."
"Microsoft .NET Framework Data Provider for Oracle","Tables","DB_LINK","String","Name of the database link referenced, if any."
"Microsoft .NET Framework Data Provider for Oracle","Users","OWNER","String","Owner of the table."
"Microsoft .NET Framework Data Provider for Oracle","Users","TABLE_NAME","String","Name of the table."
"Microsoft .NET Framework Data Provider for Oracle","Users","TYPE","String","Type of table."
"Microsoft .NET Framework Data Provider for Oracle","Views","NAME","String","Name of the user."
"Microsoft .NET Framework Data Provider for Oracle","Views","ID","Decimal","ID number of the user."
"Microsoft .NET Framework Data Provider for Oracle","Views","CREATEDATE","DateTime","User creation date."
"Microsoft .NET Framework Data Provider for Oracle","Functions","OWNER","String","Owner of the view."
"Microsoft .NET Framework Data Provider for Oracle","Functions","VIEW_NAME","String","Name of the view."
"Microsoft .NET Framework Data Provider for Oracle","Functions","TEXT_LENGTH","Decimal","Length of the view text."
"Microsoft .NET Framework Data Provider for Oracle","Functions","TEXT","String","View text."
"Microsoft .NET Framework Data Provider for Oracle","Functions","TYPE_TEXT_LENGTH","Decimal","Length of the type clause of the typed view."
"Microsoft .NET Framework Data Provider for Oracle","Functions","TYPE_TEXT","String","Type clause of the typed view."
"Microsoft .NET Framework Data Provider for Oracle","Functions","OID_TEXT_LENGTH","Decimal","Length of the WITH OID clause of the typed view."
"Microsoft .NET Framework Data Provider for Oracle","Functions","OID_TEXT","String","WITH OID clause of the typed view."
"Microsoft .NET Framework Data Provider for Oracle","Functions","VIEW_TYPE_OWNER","String","Owner of the type of the view if the view is a typed view."
"Microsoft .NET Framework Data Provider for Oracle","Functions","VIEW_TYPE","String","Type of the view if the view is a typed view."
"Microsoft .NET Framework Data Provider for Oracle","Functions","SUPERVIEW_NAME","String","Name of the superview."
"Microsoft .NET Framework Data Provider for Oracle","Packages","OWNER","String","Owner of the object."
"Microsoft .NET Framework Data Provider for Oracle","Packages","OBJECT_NAME","String","Name of the object."
"Microsoft .NET Framework Data Provider for Oracle","Packages","SUBOBJECT_NAME","String","Name of the subobject (for example, partition)."
"Microsoft .NET Framework Data Provider for Oracle","Packages","OBJECT_ID","Decimal","Dictionary object number of the object."
"Microsoft .NET Framework Data Provider for Oracle","Packages","DATA_OBJECT_ID","Decimal","Dictionary object number of the segment that contains the object."
"Microsoft .NET Framework Data Provider for Oracle","Packages","OBJECT_TYPE","String","Type of the object."
"Microsoft .NET Framework Data Provider for Oracle","Packages","CREATED","DateTime","The date the object was created."
"Microsoft .NET Framework Data Provider for Oracle","Packages","LAST_DDL_TIME","DateTime","Timestamp for the last modification of the object resulting from a DDL command (including grants and revokes)."
"Microsoft .NET Framework Data Provider for Oracle","Packages","TIMESTAMP","String","Timestamp for the specification of the object (character data)"
"Microsoft .NET Framework Data Provider for Oracle","Packages","STATUS","String","Status of the object (VALID, INVALID, or N/A)."
"Microsoft .NET Framework Data Provider for Oracle","Packages","TEMPORARY","String","Whether the object is temporary (the current session can see only data that it placed in this object itself)."
"Microsoft .NET Framework Data Provider for Oracle","Packages","GENERATED","String","Was the name of this object system generated? (Y | N)."
"Microsoft .NET Framework Data Provider for Oracle","Packages","SECONDARY","String","Whether this is a secondary object created by the ODCIIndexCreate method of the Oracle9i Data Cartridge (Y | N)."
"Microsoft .NET Framework Data Provider for Oracle","PackageBodies","OWNER","String","Owner of the object."
"Microsoft .NET Framework Data Provider for Oracle","PackageBodies","OBJECT_NAME","String","Name of the object."
"Microsoft .NET Framework Data Provider for Oracle","PackageBodies","SUBOBJECT_NAME","String","Name of the subobject (for example, partition)."
"Microsoft .NET Framework Data Provider for Oracle","PackageBodies","OBJECT_ID","Decimal","Dictionary object number of the object."
"Microsoft .NET Framework Data Provider for Oracle","PackageBodies","DATA_OBJECT_ID","Decimal","Dictionary object number of the segment that contains the object."
"Microsoft .NET Framework Data Provider for Oracle","PackageBodies","LAST_DDL_TIME","DateTime","Timestamp for the last modification of the object resulting from a DDL command (including grants and revokes)."
"Microsoft .NET Framework Data Provider for Oracle","PackageBodies","TIMESTAMP","String","Timestamp for the specification of the object (character data)."
"Microsoft .NET Framework Data Provider for Oracle","PackageBodies","STATUS","String","Status of the object (VALID, INVALID, or N/A)."
"Microsoft .NET Framework Data Provider for Oracle","PackageBodies","TEMPORARY","String","Whether the object is temporary (the current session can see only data that it placed in this object itself)."
"Microsoft .NET Framework Data Provider for Oracle","PackageBodies","GENERATED","String","Was the name of this object system generated? (Y | N)."
"Microsoft .NET Framework Data Provider for Oracle","PackageBodies","SECONDARY","String","Whether this is a secondary object created by the ODCIIndexCreate method of the Oracle9i Data Cartridge (Y | N)."
"Microsoft .NET Framework Data Provider for Oracle","PackageBodies","CREATED","DateTime","The date the object was created."
"Microsoft .NET Framework Data Provider for Oracle","Arguments","OWNER","String","Owner of the object."
"Microsoft .NET Framework Data Provider for Oracle","Arguments","OBJECT_NAME","String","Name of the object."
"Microsoft .NET Framework Data Provider for Oracle","Arguments","SUBOBJECT_NAME","String","Name of the subobject (for example, partition)."
"Microsoft .NET Framework Data Provider for Oracle","Arguments","OBJECT_ID","Decimal","Dictionary object number of the object."
"Microsoft .NET Framework Data Provider for Oracle","Arguments","DATA_OBJECT_ID","Decimal","Dictionary object number of the segment that contains the object."
"Microsoft .NET Framework Data Provider for Oracle","Arguments","LAST_DDL_TIME","DateTime","Timestamp for the last modification of the object resulting from a DDL command (including grants and revokes)."
"Microsoft .NET Framework Data Provider for Oracle","Arguments","TIMESTAMP","String","Timestamp for the specification of the object (character data)."
"Microsoft .NET Framework Data Provider for Oracle","Arguments","STATUS","String","Status of the object (VALID, INVALID, or N/A)."
"Microsoft .NET Framework Data Provider for Oracle","Arguments","TEMPORARY","String","Whether the object is temporary (the current session can see only data that it placed in this object itself)."
"Microsoft .NET Framework Data Provider for Oracle","Arguments","GENERATED","String","Was the name of this object system generated? (Y | N)."
"Microsoft .NET Framework Data Provider for Oracle","Arguments","SECONDARY","String","Whether this is a secondary object created by the ODCIIndexCreate method of the Oracle9i Data Cartridge (Y | N)."
"Microsoft .NET Framework Data Provider for Oracle","Arguments","CREATED","DateTime","The date the object was created."
"Microsoft .NET Framework Data Provider for Oracle","UniqueKeys","OWNER","String","Name of the owner of the object."
"Microsoft .NET Framework Data Provider for Oracle","UniqueKeys","PACKAGE_NAME","String","Package name."
"Microsoft .NET Framework Data Provider for Oracle","UniqueKeys","OBJECT_NAME","String","Name of the procedure or function."
"Microsoft .NET Framework Data Provider for Oracle","UniqueKeys","ARGUMENT_NAME","String","Name of the argument."
"Microsoft .NET Framework Data Provider for Oracle","UniqueKeys","POSITION","Decimal","Position in argument list, or NULL for function return value."
"Microsoft .NET Framework Data Provider for Oracle","UniqueKeys","SEQUENCE","Decimal","Argument sequence, including all nesting levels."
"Microsoft .NET Framework Data Provider for Oracle","UniqueKeys","DEFAULT_VALUE","String","Default value for the argument."
"Microsoft .NET Framework Data Provider for Oracle","UniqueKeys","DEFAULT_LENGTH","Decimal","Length of default value for the argument."
"Microsoft .NET Framework Data Provider for Oracle","UniqueKeys","IN_OUT","String","Argument direction (IN, OUT, or IN/OUT)."
"Microsoft .NET Framework Data Provider for Oracle","UniqueKeys","DATA_LENGTH","Decimal","Length of the column in bytes."
"Microsoft .NET Framework Data Provider for Oracle","UniqueKeys","DATA_PRECISION","Decimal","Length in decimal digits (NUMBER) or binary digits (FLOAT)."
"Microsoft .NET Framework Data Provider for Oracle","UniqueKeys","DATA_SCALE","Decimal","Digits to right of decimal point in a number."
"Microsoft .NET Framework Data Provider for Oracle","UniqueKeys","DATA_TYPE","String","Data type of the argument."
"Microsoft .NET Framework Data Provider for Oracle","PrimaryKeys","OWNER","String","Owner of the constraint definition."
"Microsoft .NET Framework Data Provider for Oracle","PrimaryKeys","CONSTRAINT_NAME","String","Name of the constraint definition."
"Microsoft .NET Framework Data Provider for Oracle","PrimaryKeys","TABLE_NAME","String","Name associated with the table (or view) with constraint definition."
"Microsoft .NET Framework Data Provider for Oracle","PrimaryKeys","SEARCH_CONDITION","String","Text of search condition for a check constraint."
"Microsoft .NET Framework Data Provider for Oracle","PrimaryKeys","R_OWNER","String","Owner of table referred to in a referential constraint."
"Microsoft .NET Framework Data Provider for Oracle","PrimaryKeys","R_CONSTRAINT_NAME","String","Name of the unique constraint definition for referenced table."
"Microsoft .NET Framework Data Provider for Oracle","PrimaryKeys","DELETE_RULE","String","Delete rule for a referential constraint (CASCADE or NO ACTION)."
"Microsoft .NET Framework Data Provider for Oracle","PrimaryKeys","STATUS","String","Enforcement status of constraint (ENABLED or DISABLED)."
"Microsoft .NET Framework Data Provider for Oracle","PrimaryKeys","DEFERRABLE","String","Whether the constraint is deferrable."
"Microsoft .NET Framework Data Provider for Oracle","PrimaryKeys","VALIDATED","String","Whether all data obeys the constraint (VALIDATED or NOT VALIDATED)."
"Microsoft .NET Framework Data Provider for Oracle","PrimaryKeys","GENERATED","String","Whether the name of the constraint is user or system generated."
"Microsoft .NET Framework Data Provider for Oracle","PrimaryKeys","BAD","String","A YES value indicates that this constraint specifies a century in an ambiguous manner. To avoid errors resulting from this ambiguity, rewrite the constraint using the TO_DATE function with a four-digit year."
"Microsoft .NET Framework Data Provider for Oracle","PrimaryKeys","RELY","String","Whether an enabled constraint is enforced or unenforced."
"Microsoft .NET Framework Data Provider for Oracle","PrimaryKeys","LAST_CHANGE","DateTime","When the constraint was last enabled or disabled"
"Microsoft .NET Framework Data Provider for Oracle","PrimaryKeys","INDEX_OWNER","String","Name of the user owning the index"
"Microsoft .NET Framework Data Provider for Oracle","PrimaryKeys","INDEX_NAME","String","Name of the index"
"Microsoft .NET Framework Data Provider for Oracle","ForeignKeys","OWNER","String","Owner of the constraint definition."
"Microsoft .NET Framework Data Provider for Oracle","ForeignKeys","CONSTRAINT_NAME","String","Name of the constraint definition."
"Microsoft .NET Framework Data Provider for Oracle","ForeignKeys","TABLE_NAME","String","Name associated with the table (or view) with constraint definition."
"Microsoft .NET Framework Data Provider for Oracle","ForeignKeys","SEARCH_CONDITION","String","Text of search condition for a check constraint."
"Microsoft .NET Framework Data Provider for Oracle","ForeignKeys","R_OWNER","String","Owner of table referred to in a referential constraint."
"Microsoft .NET Framework Data Provider for Oracle","ForeignKeys","R_CONSTRAINT_NAME","String","Name of the unique constraint definition for referenced table."
"Microsoft .NET Framework Data Provider for Oracle","ForeignKeys","DELETE_RULE","String","Delete rule for a referential constraint (CASCADE or NO ACTION)."
"Microsoft .NET Framework Data Provider for Oracle","ForeignKeys","STATUS","String","Enforcement status of constraint (ENABLED or DISABLED)."
"Microsoft .NET Framework Data Provider for Oracle","ForeignKeys","DEFERRABLE","String","Whether the constraint is deferrable."
"Microsoft .NET Framework Data Provider for Oracle","ForeignKeys","VALIDATED","String","Whether all data obeys the constraint (VALIDATED or NOT VALIDATED)."
"Microsoft .NET Framework Data Provider for Oracle","ForeignKeys","GENERATED","String","Whether the name of the constraint is user or system generated."
"Microsoft .NET Framework Data Provider for Oracle","ForeignKeys","BAD","String","A YES value indicates that this constraint specifies a century in an ambiguous manner. To avoid errors resulting from this ambiguity, rewrite the constraint using the TO_DATE function with a four-digit year."
"Microsoft .NET Framework Data Provider for Oracle","ForeignKeys","RELY","String","Whether an enabled constraint is enforced or unenforced."
"Microsoft .NET Framework Data Provider for Oracle","ForeignKeys","LAST_CHANGE","DateTime","When the constraint was last enabled or disabled."
"Microsoft .NET Framework Data Provider for Oracle","ForeignKeys","INDEX_OWNER","String","Name of the user owning the index."
"Microsoft .NET Framework Data Provider for Oracle","ForeignKeys","INDEX_NAME","String","Name of the index."
"Microsoft .NET Framework Data Provider for Oracle","ForeignKeyColumns","PRIMARY_KEY_CONSTRAINT_NAME","String","Name of the constraint definition."
"Microsoft .NET Framework Data Provider for Oracle","ForeignKeyColumns","PRIMARY_KEY_OWNER","String","Owner of the constraint definition."
"Microsoft .NET Framework Data Provider for Oracle","ForeignKeyColumns","PRIMARY_KEY_TABLE_NAME","String","Name associated with the table (or view) with constraint definition"
"Microsoft .NET Framework Data Provider for Oracle","ForeignKeyColumns","FOREIGN_KEY_OWNER","String","Owner of the constraint definition."
"Microsoft .NET Framework Data Provider for Oracle","ForeignKeyColumns","FOREIGN_KEY_CONSTRIANT_NAME","String","Name of the constraint definition."
"Microsoft .NET Framework Data Provider for Oracle","ForeignKeyColumns","FOREIGN_KEY_TABLE_NAME","String","Name associated with the table (or view) with constraint definition."
"Microsoft .NET Framework Data Provider for Oracle","ForeignKeyColumns","SEARCH_CONDITION","String","Text of search condition for a check constraint"
"Microsoft .NET Framework Data Provider for Oracle","ForeignKeyColumns","R_OWNER","String","Owner of table referred to in a referential constraint."
"Microsoft .NET Framework Data Provider for Oracle","ForeignKeyColumns","R_CONSTRAINT_NAME","String","Name of the unique constraint definition for referenced table."
"Microsoft .NET Framework Data Provider for Oracle","ForeignKeyColumns","DELETE_RULE","String","Delete rule for a referential constraint (CASCADE or NO ACTION)."
"Microsoft .NET Framework Data Provider for Oracle","ForeignKeyColumns","STATUS","String","Enforcement status of constraint (ENABLED or DISABLED)."
"Microsoft .NET Framework Data Provider for Oracle","ForeignKeyColumns","VALIDATED","String","Whether all data obeys the constraint (VALIDATED or NOT VALIDATED)."
"Microsoft .NET Framework Data Provider for Oracle","ForeignKeyColumns","GENERATED","String","Whether the name of the constraint is user or system generated."
"Microsoft .NET Framework Data Provider for Oracle","ForeignKeyColumns","RELY","String","Whether an enabled constraint is enforced or unenforced."
"Microsoft .NET Framework Data Provider for Oracle","ForeignKeyColumns","LAST_CHANGE","DateTime","When the constraint was last enabled or disabled."
"Microsoft .NET Framework Data Provider for Oracle","ForeignKeyColumns","INDEX_OWNER","String","Name of the user owning the index."
"Microsoft .NET Framework Data Provider for Oracle","ForeignKeyColumns","INDEX_NAME","String","Name of the index."
"Microsoft .NET Framework Data Provider for Oracle","ProcedureParameters","OWNER","String","Owner of the constraint definition."
"Microsoft .NET Framework Data Provider for Oracle","ProcedureParameters","CONSTRAINT_NAME","String","Name of the constraint definition."
"Microsoft .NET Framework Data Provider for Oracle","ProcedureParameters","TABLE_NAME","String","Name of the table with constraint definition."
"Microsoft .NET Framework Data Provider for Oracle","ProcedureParameters","COLUMN_NAME","String","Name of the column or attribute of the object type column specified in the constraint definition."
"Microsoft .NET Framework Data Provider for Oracle","ProcedureParameters","POSITION","Decimal","Original position of column or attribute in the definition of the object."
"Microsoft SQL Server ODBC Driver","ProcedureParameters","OWNER","String","Owner of the object."
"Microsoft SQL Server ODBC Driver","ProcedureParameters","OBJECT_NAME","String","Name of the procedure or function."
"Microsoft SQL Server ODBC Driver","ProcedureParameters","PACKAGE_NAME","String","Name of the procedure or function."
"Microsoft SQL Server ODBC Driver","ProcedureParameters","OBJECT_ID","Decimal","Object number of the object."
"Microsoft SQL Server ODBC Driver","ProcedureParameters","OVERLOAD","String","Overload unique identifier."
"Microsoft SQL Server ODBC Driver","ProcedureParameters","ARGUMENT_NAME","String","Name of the argument."
"Microsoft SQL Server ODBC Driver","ProcedureParameters","POSITION","Decimal","Position in the argument list, or null for a function return value."
"Microsoft SQL Server ODBC Driver","ProcedureParameters","SEQUENCE","Decimal","Argument sequence, including all nesting levels."
"Microsoft SQL Server ODBC Driver","ProcedureParameters","DATA_LEVEL","Decimal","Nesting depth of the argument for composite types."
"Microsoft SQL Server ODBC Driver","ProcedureParameters","DATA_TYPE","String","Data type of the argument."
"Microsoft SQL Server ODBC Driver","ProcedureParameters","DEFAULT_VALUE","String","Default value for the argument."
"Microsoft SQL Server ODBC Driver","ProcedureParameters","DEFAULT_LENGTH","Decimal","Length of the default value for the argument."
"Microsoft SQL Server ODBC Driver","ProcedureParameters","IN_OUT","String","Argument Direction (IN, OUT, or IN/OUT)."
"Microsoft SQL Server ODBC Driver","ProcedureParameters","DATA_LENGTH","Decimal","Length of the column (in bytes)."
"Microsoft SQL Server ODBC Driver","ProcedureParameters","DATA_PRECISION","Decimal","Length in decimal digits (NUMBER) or binary digits (FLOAT)."
"Microsoft SQL Server ODBC Driver","ProcedureParameters","DATA_SCALE","Decimal","Digits to the right of the decimal point in a number."
"Microsoft SQL Server ODBC Driver","ProcedureParameters","RADIX","Decimal","Argument radix for a number."
"Microsoft SQL Server ODBC Driver","ProcedureParameters","CHARACTER_SET_NAME","String","Character set name for the argument."
"Microsoft SQL Server ODBC Driver","ProcedureParameters","TYPE_OWNER","String","Owner of the type of the argument."
"Microsoft SQL Server ODBC Driver","ProcedureParameters","TYPE_NAME","String","Name of the type of the argument. If the type is a package local type (that is, it is declared in a package specification), then this column displays the name of the package."
"Microsoft SQL Server ODBC Driver","ProcedureParameters","TYPE_SUBNAME","String","Relevant only for package local types. Displays the name of the type declared in the package identified in the TYPE_NAME column."
"Microsoft SQL Server ODBC Driver","ProcedureParameters","TYPE_LINK","String","Relevant only for package local types when the package identified in the TYPE_NAME column is a remote package. This column displays the database link used to refer to the remote package."
"Microsoft SQL Server ODBC Driver","ProcedureParameters","PLS_TYPE","String","For numeric arguments, the name of the PL/SQL type of the argument. Null otherwise."
"Microsoft SQL Server ODBC Driver","ProcedureParameters","CHAR_LENGTH","Decimal","Character limit for string data types."
"Microsoft SQL Server ODBC Driver","ProcedureParameters","CHAR_USED","String","Indicates whether the byte limit (B) or char limit (C) is official for the string"
"Microsoft SQL Server ODBC Driver","Indexes","TABLE_CAT","String",""
"Microsoft SQL Server ODBC Driver","Indexes","TABLE_SCHEM","String",""
"Microsoft SQL Server ODBC Driver","Indexes","TABLE_NAME","String",""
"Microsoft SQL Server ODBC Driver","Indexes","TABLE_TYPE","String",""
"Microsoft SQL Server ODBC Driver","Indexes","REMARKS","String",""
"Microsoft SQL Server ODBC Driver","Columns","TABLE_CAT","String",""
"Microsoft SQL Server ODBC Driver","Columns","TABLE_SCHEM","String",""
"Microsoft SQL Server ODBC Driver","Columns","TABLE_NAME","String",""
"Microsoft SQL Server ODBC Driver","Columns","NON_UNIQUE","Int16",""
"Microsoft SQL Server ODBC Driver","Columns","INDEX_QUALIFIER","String",""
"Microsoft SQL Server ODBC Driver","Columns","INDEX_NAME","String",""
"Microsoft SQL Server ODBC Driver","Columns","TYPE","Int16",""
"Microsoft SQL Server ODBC Driver","Columns","ORDINAL_POSITION","Int16",""
"Microsoft SQL Server ODBC Driver","Columns","COLUMN_NAME","String",""
"Microsoft SQL Server ODBC Driver","Columns","ASC_OR_DESC","String",""
"Microsoft SQL Server ODBC Driver","Columns","CARDINATLITY","Int32",""
"Microsoft SQL Server ODBC Driver","Columns","PAGES","Int32",""
"Microsoft SQL Server ODBC Driver","Columns","FILTER_CONDITION","String",""
"Microsoft SQL Server ODBC Driver","Columns","SS_TYPE_SCHEMA","String",""
"Microsoft SQL Server ODBC Driver","Columns","SS_DATA_TYPE","Byte",""
"Microsoft SQL Server ODBC Driver","Procedures","TABLE_CAT","String",""
"Microsoft SQL Server ODBC Driver","Procedures","TABLE_SCHEM","String",""
"Microsoft SQL Server ODBC Driver","Procedures","TABLE_NAME","String",""
"Microsoft SQL Server ODBC Driver","Procedures","COLUMN_NAME","String",""
"Microsoft SQL Server ODBC Driver","Procedures","DATA_TYPE","Int16",""
"Microsoft SQL Server ODBC Driver","Procedures","TYPE_NAME","String",""
"Microsoft SQL Server ODBC Driver","Procedures","COLUMN_SIZE","Int32",""
"Microsoft SQL Server ODBC Driver","Procedures","BUFFER_LENGTH","Int32",""
"Microsoft SQL Server ODBC Driver","Procedures","DECIMAL_DIGITS","Int16",""
"Microsoft SQL Server ODBC Driver","Procedures","NUM_PREC_RADIX","Int16",""
"Microsoft SQL Server ODBC Driver","Procedures","NULLABLE","Int16",""
"Microsoft SQL Server ODBC Driver","Procedures","REMARKS","String",""
"Microsoft SQL Server ODBC Driver","Procedures","COLUMN_DEF","String",""
"Microsoft SQL Server ODBC Driver","Procedures","SQL_DATA_TYPE","Int16",""
"Microsoft SQL Server ODBC Driver","Procedures","SQL_DATETIME_SUB","Int16",""
"Microsoft SQL Server ODBC Driver","Procedures","CHAR_OCTET_LENGTH","Int32",""
"Microsoft SQL Server ODBC Driver","Procedures","ORDINAL_POSITION","Int32",""
"Microsoft SQL Server ODBC Driver","Procedures","IS_NULLABLE","String",""
"Microsoft SQL Server ODBC Driver","Procedures","SS_TYPE_CATALOG","String",""
"Microsoft SQL Server ODBC Driver","Procedures","SS_TYPE_SCHEMA","String",""
"Microsoft SQL Server ODBC Driver","Procedures","SS_DATA_TYPE","Byte",""
"Microsoft SQL Server ODBC Driver","ProcedureColumns","PROCEDURE_CAT","String",""
"Microsoft SQL Server ODBC Driver","ProcedureColumns","PROCEDURE_SCHEM","String",""
"Microsoft SQL Server ODBC Driver","ProcedureColumns","PROCEDURE_NAME","String",""
"Microsoft SQL Server ODBC Driver","ProcedureColumns","NUM_INPUT_PARAMS","Int32",""
"Microsoft SQL Server ODBC Driver","ProcedureColumns","NUM_OUTPUT_PARAMS","Int32",""
"Microsoft SQL Server ODBC Driver","ProcedureColumns","NUM_RESULT_SETS","Int32",""
"Microsoft SQL Server ODBC Driver","ProcedureColumns","REMARKS","String",""
"Microsoft SQL Server ODBC Driver","ProcedureColumns","PROCEDURE_TYPE","Int16",""
"Microsoft SQL Server ODBC Driver","ProcedureParameters","PROCEDURE_CAT","String",""
"Microsoft SQL Server ODBC Driver","ProcedureParameters","PROCEDURE_SCHEM","String",""
"Microsoft SQL Server ODBC Driver","ProcedureParameters","PROCEDURE_NAME","String",""
"Microsoft SQL Server ODBC Driver","ProcedureParameters","COLUMN_NAME","String",""
"Microsoft SQL Server ODBC Driver","ProcedureParameters","COLUMN_TYPE","Int16",""
"Microsoft SQL Server ODBC Driver","ProcedureParameters","DATA_TYPE","Int16",""
"Microsoft SQL Server ODBC Driver","ProcedureParameters","TYPE_NAME","String",""
"Microsoft SQL Server ODBC Driver","ProcedureParameters","COLUMN_SIZE","Int32",""
"Microsoft SQL Server ODBC Driver","ProcedureParameters","BUFFER_LENGTH","Int32",""
"Microsoft SQL Server ODBC Driver","ProcedureParameters","DECIMAL_DIGITS","Int16",""
"Microsoft SQL Server ODBC Driver","ProcedureParameters","NUM_PREC_RADIX","Int16",""
"Microsoft SQL Server ODBC Driver","ProcedureParameters","NULLABLE","Int16",""
"Microsoft SQL Server ODBC Driver","ProcedureParameters","REMARKS","String",""
"Microsoft SQL Server ODBC Driver","ProcedureParameters","COLUMN_DEF","String",""
"Microsoft SQL Server ODBC Driver","ProcedureParameters","SQL_DATA_TYPE","Int16",""
"Microsoft SQL Server ODBC Driver","ProcedureParameters","SQL_DATETIME_SUB","Int16",""
"Microsoft SQL Server ODBC Driver","ProcedureParameters","CHAR_OCTET_LENGTH","Int32",""
"Microsoft SQL Server ODBC Driver","ProcedureParameters","ORDINAL_POSITION","Int32",""
"Microsoft SQL Server ODBC Driver","ProcedureParameters","IS_NULLABLE","String",""
"Microsoft SQL Server ODBC Driver","ProcedureParameters","SS_TYPE_CATALOG","String",""
"Microsoft SQL Server ODBC Driver","ProcedureParameters","SS_TYPE_SCHEMA","String",""
"Microsoft SQL Server ODBC Driver","ProcedureParameters","SS_DATA_TYPE","Byte",""
"Microsoft Oracle ODBC Driver","ProcedureParameters","PROCEDURE_CAT","String",""
"Microsoft Oracle ODBC Driver","ProcedureParameters","PROCEDURE_SCHEM","String",""
"Microsoft Oracle ODBC Driver","ProcedureParameters","PROCEDURE_NAME","String",""
"Microsoft Oracle ODBC Driver","ProcedureParameters","COLUMN_NAME","String",""
"Microsoft Oracle ODBC Driver","ProcedureParameters","COLUMN_TYPE","Int16",""
"Microsoft Oracle ODBC Driver","ProcedureParameters","DATA_TYPE","Int16",""
"Microsoft Oracle ODBC Driver","ProcedureParameters","TYPE_NAME","String",""
"Microsoft Oracle ODBC Driver","ProcedureParameters","COLUMN_SIZE","Int32",""
"Microsoft Oracle ODBC Driver","ProcedureParameters","BUFFER_LENGTH","Int32",""
"Microsoft Oracle ODBC Driver","ProcedureParameters","DECIMAL_DIGITS","Int16",""
"Microsoft Oracle ODBC Driver","ProcedureParameters","NUM_PREC_RADIX","Int16",""
"Microsoft Oracle ODBC Driver","ProcedureParameters","NULLABLE","Int16",""
"Microsoft Oracle ODBC Driver","ProcedureParameters","REMARKS","String",""
"Microsoft Oracle ODBC Driver","ProcedureParameters","COLUMN_DEF","String",""
"Microsoft Oracle ODBC Driver","ProcedureParameters","SQL_DATA_TYPE","Int16",""
"Microsoft Oracle ODBC Driver","ProcedureParameters","SQL_DATETIME_SUB","Int16",""
"Microsoft Oracle ODBC Driver","ProcedureParameters","CHAR_OCTET_LENGTH","Int32",""
"Microsoft Oracle ODBC Driver","ProcedureParameters","ORDINAL_POSITION","Int32",""
"Microsoft Oracle ODBC Driver","ProcedureParameters","IS_NULLABLE","String",""
"Microsoft Oracle ODBC Driver","ProcedureParameters","SS_TYPE_CATALOG","String",""
"Microsoft Oracle ODBC Driver","ProcedureParameters","SS_TYPE_SCHEMA","String",""
"Microsoft Oracle ODBC Driver","ProcedureParameters","SS_DATA_TYPE","Byte",""
"Microsoft Oracle ODBC Driver","Columns","TABLE_QUALIFIER","String",""
"Microsoft Oracle ODBC Driver","Columns","TABLE_OWNER","String",""
"Microsoft Oracle ODBC Driver","Columns","TABLE_NAME","String",""
"Microsoft Oracle ODBC Driver","Columns","TABLE_TYPE","String",""
"Microsoft Oracle ODBC Driver","Columns","REMARKS","String",""
"Microsoft Oracle ODBC Driver","Procedures","TABLE_QUALIFIER","String",""
"Microsoft Oracle ODBC Driver","Procedures","TABLE_OWNER","String",""
"Microsoft Oracle ODBC Driver","Procedures","TABLE_NAME","String",""
"Microsoft Oracle ODBC Driver","Procedures","COLUMN_NAME","String",""
"Microsoft Oracle ODBC Driver","Procedures","DATA_TYPE","Int16",""
"Microsoft Oracle ODBC Driver","Procedures","TYPE_NAME","String",""
"Microsoft Oracle ODBC Driver","Procedures","PRECISION","Int32",""
"Microsoft Oracle ODBC Driver","Procedures","LENGTH","Int32",""
"Microsoft Oracle ODBC Driver","Procedures","SCALE","Int16",""
"Microsoft Oracle ODBC Driver","Procedures","RADIX","Int16",""
"Microsoft Oracle ODBC Driver","Procedures","NULLABLE","Int16",""
"Microsoft Oracle ODBC Driver","Procedures","REMARKS","String",""
"Microsoft Oracle ODBC Driver","Procedures","ORDINAL_POSITION","Int32",""
"Microsoft Oracle ODBC Driver","ProcedureColumns","PROCEDURE_QUALIFIER","String",""
"Microsoft Oracle ODBC Driver","ProcedureColumns","PROCEDURE_OWNER","String",""
"Microsoft Oracle ODBC Driver","ProcedureColumns","PROCEDURE_NAME","String",""
"Microsoft Oracle ODBC Driver","ProcedureColumns","NUM_INPUT_PARAMS","Int16",""
"Microsoft Oracle ODBC Driver","ProcedureColumns","NUM_OUTPUT_PARAMS","Int16",""
"Microsoft Oracle ODBC Driver","ProcedureColumns","NUM_RESULT_SETS","Int16",""
"Microsoft Oracle ODBC Driver","ProcedureColumns","REMARKS","String",""
"Microsoft Oracle ODBC Driver","ProcedureColumns","PROCEDURE_TYPE","Int16",""
"Microsoft Jet ODBC Driver","ProcedureColumns","PROCEDURE_QUALIFIER","String",""
"Microsoft Jet ODBC Driver","ProcedureColumns","PROCEDURE_OWNER","String",""
"Microsoft Jet ODBC Driver","ProcedureColumns","PROCEDURE_NAME","String",""
"Microsoft Jet ODBC Driver","ProcedureColumns","COLUMN_NAME","String",""
"Microsoft Jet ODBC Driver","ProcedureColumns","COLUMN_TYPE","Int16",""
"Microsoft Jet ODBC Driver","ProcedureColumns","DATA_TYPE","Int16",""
"Microsoft Jet ODBC Driver","ProcedureColumns","TYPE_NAME","String",""
"Microsoft Jet ODBC Driver","ProcedureColumns","PRECISION","Int32",""
"Microsoft Jet ODBC Driver","ProcedureColumns","LENGTH","Int32",""
"Microsoft Jet ODBC Driver","ProcedureColumns","SCALE","Int16",""
"Microsoft Jet ODBC Driver","ProcedureColumns","RADIX","Int16",""
"Microsoft Jet ODBC Driver","ProcedureColumns","NULLABLE","Int16",""
"Microsoft Jet ODBC Driver","ProcedureColumns","REMARKS","String",""
"Microsoft Jet ODBC Driver","ProcedureColumns","OVERLOAD","Int32",""
"Microsoft Jet ODBC Driver","ProcedureColumns","ORDINAL_POSITION","Int32",""
"Microsoft Jet ODBC Driver","Columns","TABLE_QUALIFIER","String",""
"Microsoft Jet ODBC Driver","Columns","TABLE_OWNER","String",""
"Microsoft Jet ODBC Driver","Columns","TABLE_NAME","String",""
"Microsoft Jet ODBC Driver","Columns","TABLE_TYPE","String",""
"Microsoft Jet ODBC Driver","Columns","REMARKS","String",""
"Microsoft Jet ODBC Driver","Procedures","TABLE_QUALIFIER","String",""
"Microsoft Jet ODBC Driver","Procedures","TABLE_OWNER","String",""
"Microsoft Jet ODBC Driver","Procedures","TABLE_NAME","String",""
"Microsoft Jet ODBC Driver","Procedures","COLUMN_NAME","String",""
"Microsoft Jet ODBC Driver","Procedures","DATA_TYPE","Int16",""
"Microsoft Jet ODBC Driver","Procedures","TYPE_NAME","String",""
"Microsoft Jet ODBC Driver","Procedures","PRECISION","Int32",""
"Microsoft Jet ODBC Driver","Procedures","LENGTH","Int32",""
"Microsoft Jet ODBC Driver","Procedures","SCALE","Int16",""
"Microsoft Jet ODBC Driver","Procedures","RADIX","Int16",""
"Microsoft Jet ODBC Driver","Procedures","NULLABLE","Int16",""
"Microsoft Jet ODBC Driver","Procedures","REMARKS","String",""
"Microsoft Jet ODBC Driver","Procedures","ORDINAL_POSITION","Int32",""
"Microsoft Jet ODBC Driver","ProcedureColumns","PROCEDURE_QUALIFIER","String",""
"Microsoft Jet ODBC Driver","ProcedureColumns","PROCEDURE_OWNER","String",""
"Microsoft Jet ODBC Driver","ProcedureColumns","PROCEDURE_NAME","String",""
"Microsoft Jet ODBC Driver","ProcedureColumns","NUM_INPUT_PARAMS","Int16",""
"Microsoft Jet ODBC Driver","ProcedureColumns","NUM_OUTPUT_PARAMS","Int16",""
"Microsoft Jet ODBC Driver","ProcedureColumns","NUM_RESULT_SETS","Int16",""
"Microsoft Jet ODBC Driver","ProcedureColumns","REMARKS","String",""
"Microsoft Jet ODBC Driver","ProcedureColumns","PROCEDURE_TYPE","Int16",""
"Microsoft Jet ODBC Driver","ProcedureParameters","PROCEDURE_QUALIFIER","String",""
"Microsoft Jet ODBC Driver","ProcedureParameters","PROCEDURE_OWNER","String",""
"Microsoft Jet ODBC Driver","ProcedureParameters","PROCEDURE_NAME","String",""
"Microsoft Jet ODBC Driver","ProcedureParameters","COLUMN_NAME","String",""
"Microsoft Jet ODBC Driver","ProcedureParameters","COLUMN_TYPE","Int16",""
"Microsoft Jet ODBC Driver","ProcedureParameters","DATA_TYPE","Int16",""
"Microsoft Jet ODBC Driver","ProcedureParameters","TYPE_NAME","String",""
"Microsoft Jet ODBC Driver","ProcedureParameters","PRECISION","Int32",""
"Microsoft Jet ODBC Driver","ProcedureParameters","LENGTH","Int32",""
"Microsoft Jet ODBC Driver","ProcedureParameters","SCALE","Int16",""
"Microsoft Jet ODBC Driver","ProcedureParameters","RADIX","Int16",""
"Microsoft Jet ODBC Driver","ProcedureParameters","NULLABLE","Int16",""
"Microsoft Jet ODBC Driver","ProcedureParameters","REMARKS","String",""
"Microsoft Jet ODBC Driver","ProcedureParameters","OVERLOAD","Int32",""
"Microsoft Jet ODBC Driver","ProcedureParameters","ORDINAL_POSITION","Int32",""
"Microsoft SQL Server OLEDB Provider","ProcedureParameters","PROCEDURE_CAT","String",""
"Microsoft SQL Server OLEDB Provider","ProcedureParameters","PROCEDURE_SCHEM","String",""
"Microsoft SQL Server OLEDB Provider","ProcedureParameters","PROCEDURE_NAME","String",""
"Microsoft SQL Server OLEDB Provider","ProcedureParameters","COLUMN_NAME","String",""
"Microsoft SQL Server OLEDB Provider","ProcedureParameters","COLUMN_TYPE","Int16",""
"Microsoft SQL Server OLEDB Provider","ProcedureParameters","DATA_TYPE","Int16",""
"Microsoft SQL Server OLEDB Provider","ProcedureParameters","TYPE_NAME","String",""
"Microsoft SQL Server OLEDB Provider","ProcedureParameters","COLUMN_SIZE","Int32",""
"Microsoft SQL Server OLEDB Provider","ProcedureParameters","BUFFER_LENGTH","Int32",""
"Microsoft SQL Server OLEDB Provider","ProcedureParameters","DECIMAL_DIGITS","Int16",""
"Microsoft SQL Server OLEDB Provider","ProcedureParameters","NUM_PREC_RADIX","Int16",""
"Microsoft SQL Server OLEDB Provider","ProcedureParameters","NULLABLE","Int16",""
"Microsoft SQL Server OLEDB Provider","ProcedureParameters","REMARKS","String",""
"Microsoft SQL Server OLEDB Provider","ProcedureParameters","COLUMN_DEF","String",""
"Microsoft SQL Server OLEDB Provider","ProcedureParameters","SQL_DATA_TYPE","Int16",""
"Microsoft SQL Server OLEDB Provider","ProcedureParameters","SQL_DATETIME_SUB","Int16",""
"Microsoft SQL Server OLEDB Provider","ProcedureParameters","CHAR_OCTET_LENGTH","Int32",""
"Microsoft SQL Server OLEDB Provider","ProcedureParameters","ORDINAL_POSITION","Int32",""
"Microsoft SQL Server OLEDB Provider","ProcedureParameters","IS_NULLABLE","String",""
"Microsoft SQL Server OLEDB Provider","Columns","TABLE_CATALOG","String",""
"Microsoft SQL Server OLEDB Provider","Columns","TABLE_SCHEMA","String",""
"Microsoft SQL Server OLEDB Provider","Columns","TABLE_NAME","String",""
"Microsoft SQL Server OLEDB Provider","Columns","TABLE_TYPE","String",""
"Microsoft SQL Server OLEDB Provider","Columns","TABLE_GUID","Guid",""
"Microsoft SQL Server OLEDB Provider","Columns","DESCRIPTION","String",""
"Microsoft SQL Server OLEDB Provider","Columns","TABLE_PROPID","Int64",""
"Microsoft SQL Server OLEDB Provider","Columns","DATE_CREATED","DateTime",""
"Microsoft SQL Server OLEDB Provider","Columns","DATE_MODIFIED","DateTime",""
"Microsoft SQL Server OLEDB Provider","Procedures","TABLE_CATALOG","String",""
"Microsoft SQL Server OLEDB Provider","Procedures","TABLE_SCHEMA","String",""
"Microsoft SQL Server OLEDB Provider","Procedures","TABLE_NAME","String",""
"Microsoft SQL Server OLEDB Provider","Procedures","COLUMN_NAME","String",""
"Microsoft SQL Server OLEDB Provider","Procedures","COLUMN_GUID","Guid",""
"Microsoft SQL Server OLEDB Provider","Procedures","COLUMN_PROPID","Int64",""
"Microsoft SQL Server OLEDB Provider","Procedures","ORDINAL_POSITION","Int64",""
"Microsoft SQL Server OLEDB Provider","Procedures","COLUMN_HASDEFAULT","Boolean",""
"Microsoft SQL Server OLEDB Provider","Procedures","COLUMN_DEFAULT","String",""
"Microsoft SQL Server OLEDB Provider","Procedures","COLUMN_FLAGS","Int64",""
"Microsoft SQL Server OLEDB Provider","Procedures","IS_NULLABLE","Boolean",""
"Microsoft SQL Server OLEDB Provider","Procedures","DATA_TYPE","Int32",""
"Microsoft SQL Server OLEDB Provider","Procedures","TYPE_GUID","Guid",""
"Microsoft SQL Server OLEDB Provider","Procedures","CHARACTER_MAXIMUM_LENGTH","Int64",""
"Microsoft SQL Server OLEDB Provider","Procedures","CHARACTER_OCTET_LENGTH","Int64",""
"Microsoft SQL Server OLEDB Provider","Procedures","NUMERIC_PRECISION","Int32",""
"Microsoft SQL Server OLEDB Provider","Procedures","NUMERIC_SCALE","Int16",""
"Microsoft SQL Server OLEDB Provider","Procedures","DATETIME_PRECISION","Int64",""
"Microsoft SQL Server OLEDB Provider","Procedures","CHARACTER_SET_CATALOG","String",""
"Microsoft SQL Server OLEDB Provider","Procedures","CHARACTER_SET_SCHEMA","String",""
"Microsoft SQL Server OLEDB Provider","Procedures","CHARACTER_SET_NAME","String",""
"Microsoft SQL Server OLEDB Provider","Procedures","COLLATION_CATALOG","String",""
"Microsoft SQL Server OLEDB Provider","Procedures","COLLATION_SCHEMA","String",""
"Microsoft SQL Server OLEDB Provider","Procedures","COLLATION_NAME","String",""
"Microsoft SQL Server OLEDB Provider","Procedures","DOMAIN_CATALOG","String",""
"Microsoft SQL Server OLEDB Provider","Procedures","DOMAIN_SCHEMA","String",""
"Microsoft SQL Server OLEDB Provider","Procedures","DOMAIN_NAME","String",""
"Microsoft SQL Server OLEDB Provider","Procedures","DESCRIPTION","String",""
"Microsoft SQL Server OLEDB Provider","Procedures","COLUMN_LCID","Int32",""
"Microsoft SQL Server OLEDB Provider","Procedures","COLUMN_COMPFLAGS","Int32",""
"Microsoft SQL Server OLEDB Provider","Procedures","COLUMN_SORTID","Int32",""
"Microsoft SQL Server OLEDB Provider","Procedures","COLUMN_TDSCOLLATION","Byte[]",""
"Microsoft SQL Server OLEDB Provider","Procedures","IS_COMPUTED","Boolean",""
"Microsoft SQL Server OLEDB Provider","ProcedureParameters","PROCEDURE_CATALOG","String",""
"Microsoft SQL Server OLEDB Provider","ProcedureParameters","PROCEDURE_SCHEMA","String",""
"Microsoft SQL Server OLEDB Provider","ProcedureParameters","PROCEDURE_NAME","String",""
"Microsoft SQL Server OLEDB Provider","ProcedureParameters","PROCEDURE_TYPE","Int16",""
"Microsoft SQL Server OLEDB Provider","ProcedureParameters","PROCEDURE_DEFINITION","String",""
"Microsoft SQL Server OLEDB Provider","ProcedureParameters","DESCRIPTION","String",""
"Microsoft SQL Server OLEDB Provider","ProcedureParameters","DATE_CREATED","DateTime",""
"Microsoft SQL Server OLEDB Provider","ProcedureParameters","DATE_MODIFIED","DateTime",""
"Microsoft SQL Server OLEDB Provider","Catalog","PROCEDURE_CATALOG","String",""
"Microsoft SQL Server OLEDB Provider","Catalog","PROCEDURE_SCHEMA","String",""
"Microsoft SQL Server OLEDB Provider","Catalog","PROCEDURE_NAME","String",""
"Microsoft SQL Server OLEDB Provider","Catalog","PARAMETER_NAME","String",""
"Microsoft SQL Server OLEDB Provider","Catalog","ORDINAL_POSITION","Int32",""
"Microsoft SQL Server OLEDB Provider","Catalog","PARAMETER_TYPE","Int32",""
"Microsoft SQL Server OLEDB Provider","Catalog","PARAMETER_HASDEFAULT","Boolean",""
"Microsoft SQL Server OLEDB Provider","Catalog","PARAMETER_DEFAULT","String",""
"Microsoft SQL Server OLEDB Provider","Catalog","IS_NULLABLE","Boolean",""
"Microsoft SQL Server OLEDB Provider","Catalog","DATA_TYPE","Int32",""
"Microsoft SQL Server OLEDB Provider","Catalog","CHARACTER_MAXIMUM_LENGTH","Int64",""
"Microsoft SQL Server OLEDB Provider","Catalog","CHARACTER_OCTET_LENGTH","Int64",""
"Microsoft SQL Server OLEDB Provider","Catalog","NUMERIC_PRECISION","Int32",""
"Microsoft SQL Server OLEDB Provider","Catalog","NUMERIC_SCALE","Int16",""
"Microsoft SQL Server OLEDB Provider","Catalog","DESCRIPTION","String",""
"Microsoft SQL Server OLEDB Provider","Catalog","TYPE_NAME","String",""
"Microsoft SQL Server OLEDB Provider","Catalog","LOCAL_TYPE_NAME","String",""
"Microsoft SQL Server OLEDB Provider","Indexes","CATALOG_NAME","String",""
"Microsoft SQL Server OLEDB Provider","Indexes","DESCRIPTION","String",""
"Microsoft Oracle OLEDB Provider","Indexes","TABLE_CATALOG","String",""
"Microsoft Oracle OLEDB Provider","Indexes","TABLE_SCHEMA","String",""
"Microsoft Oracle OLEDB Provider","Indexes","TABLE_NAME","String",""
"Microsoft Oracle OLEDB Provider","Indexes","INDEX_CATALOG","String",""
"Microsoft Oracle OLEDB Provider","Indexes","INDEX_SCHEMA","String",""
"Microsoft Oracle OLEDB Provider","Indexes","INDEX_NAME","String",""
"Microsoft Oracle OLEDB Provider","Indexes","PRIMARY_KEY","Boolean",""
"Microsoft Oracle OLEDB Provider","Indexes","UNIQUE","Boolean",""
"Microsoft Oracle OLEDB Provider","Indexes","CLUSTERED","Boolean",""
"Microsoft Oracle OLEDB Provider","Indexes","TYPE","Int32",""
"Microsoft Oracle OLEDB Provider","Indexes","FILL_FACTOR","Int32",""
"Microsoft Oracle OLEDB Provider","Indexes","INITIAL_SIZE","Int32",""
"Microsoft Oracle OLEDB Provider","Indexes","NULLS","Int32",""
"Microsoft Oracle OLEDB Provider","Indexes","SORT_BOOKMARKS","Boolean",""
"Microsoft Oracle OLEDB Provider","Indexes","AUTO_UPDATE","Boolean",""
"Microsoft Oracle OLEDB Provider","Indexes","NULL_COLLATION","Int32",""
"Microsoft Oracle OLEDB Provider","Indexes","ORDINAL_POSITION","Int64",""
"Microsoft Oracle OLEDB Provider","Indexes","COLUMN_NAME","String",""
"Microsoft Oracle OLEDB Provider","Indexes","COLUMN_GUID","Guid",""
"Microsoft Oracle OLEDB Provider","Indexes","COLUMN_PROPID","Int64",""
"Microsoft Oracle OLEDB Provider","Indexes","COLLATION","Int16",""
"Microsoft Oracle OLEDB Provider","Indexes","CARDINALITY","Decimal",""
"Microsoft Oracle OLEDB Provider","Indexes","PAGES","Int32",""
"Microsoft Oracle OLEDB Provider","Indexes","FILTER_CONDITION","String",""
"Microsoft Oracle OLEDB Provider","Indexes","INTEGRATED","Boolean",""
"Microsoft Oracle OLEDB Provider","Columns","TABLE_CATALOG","String",""
"Microsoft Oracle OLEDB Provider","Columns","TABLE_SCHEMA","String",""
"Microsoft Oracle OLEDB Provider","Columns","TABLE_NAME","String",""
"Microsoft Oracle OLEDB Provider","Columns","TABLE_TYPE","String",""
"Microsoft Oracle OLEDB Provider","Columns","TABLE_GUID","Guid",""
"Microsoft Oracle OLEDB Provider","Columns","DESCRIPTION","String",""
"Microsoft Oracle OLEDB Provider","Columns","TABLE_PROPID","Int64",""
"Microsoft Oracle OLEDB Provider","Columns","DATE_CREATED","DateTime",""
"Microsoft Oracle OLEDB Provider","Columns","DATE_MODIFIED","DateTime",""
"Microsoft Oracle OLEDB Provider","Procedures","TABLE_CATALOG","String",""
"Microsoft Oracle OLEDB Provider","Procedures","TABLE_SCHEMA","String",""
"Microsoft Oracle OLEDB Provider","Procedures","TABLE_NAME","String",""
"Microsoft Oracle OLEDB Provider","Procedures","COLUMN_NAME","String",""
"Microsoft Oracle OLEDB Provider","Procedures","COLUMN_GUID","Guid",""
"Microsoft Oracle OLEDB Provider","Procedures","COLUMN_PROPID","Int64",""
"Microsoft Oracle OLEDB Provider","Procedures","ORDINAL_POSITION","Int64",""
"Microsoft Oracle OLEDB Provider","Procedures","COLUMN_HASDEFAULT","Boolean",""
"Microsoft Oracle OLEDB Provider","Procedures","COLUMN_DEFAULT","String",""
"Microsoft Oracle OLEDB Provider","Procedures","COLUMN_FLAGS","Int64",""
"Microsoft Oracle OLEDB Provider","Procedures","IS_NULLABLE","Boolean",""
"Microsoft Oracle OLEDB Provider","Procedures","DATA_TYPE","Int32",""
"Microsoft Oracle OLEDB Provider","Procedures","TYPE_GUID","Guid",""
"Microsoft Oracle OLEDB Provider","Procedures","CHARACTER_MAXIMUM_LENGTH","Int64",""
"Microsoft Oracle OLEDB Provider","Procedures","CHARACTER_OCTET_LENGTH","Int64",""
"Microsoft Oracle OLEDB Provider","Procedures","NUMERIC_PRECISION","Int32",""
"Microsoft Oracle OLEDB Provider","Procedures","NUMERIC_SCALE","Int16",""
"Microsoft Oracle OLEDB Provider","Procedures","DATETIME_PRECISION","Int64",""
"Microsoft Oracle OLEDB Provider","Procedures","CHARACTER_SET_CATALOG","String",""
"Microsoft Oracle OLEDB Provider","Procedures","CHARACTER_SET_SCHEMA","String",""
"Microsoft Oracle OLEDB Provider","Procedures","CHARACTER_SET_NAME","String",""
"Microsoft Oracle OLEDB Provider","Procedures","COLLATION_CATALOG","String",""
"Microsoft Oracle OLEDB Provider","Procedures","COLLATION_SCHEMA","String",""
"Microsoft Oracle OLEDB Provider","Procedures","COLLATION_NAME","String",""
"Microsoft Oracle OLEDB Provider","Procedures","DOMAIN_CATALOG","String",""
"Microsoft Oracle OLEDB Provider","Procedures","DOMAIN_SCHEMA","String",""
"Microsoft Oracle OLEDB Provider","Procedures","DOMAIN_NAME","String",""
"Microsoft Oracle OLEDB Provider","Procedures","DESCRIPTION","String",""
"Microsoft Oracle OLEDB Provider","ProcedureColumns","PROCEDURE_CATALOG","String",""
"Microsoft Oracle OLEDB Provider","ProcedureColumns","PROCEDURE_SCHEMA","String",""
"Microsoft Oracle OLEDB Provider","ProcedureColumns","PROCEDURE_NAME","String",""
"Microsoft Oracle OLEDB Provider","ProcedureColumns","PROCEDURE_TYPE","Int16",""
"Microsoft Oracle OLEDB Provider","ProcedureColumns","PROCEDURE_DEFINITION","String",""
"Microsoft Oracle OLEDB Provider","ProcedureColumns","DESCRIPTION","String",""
"Microsoft Oracle OLEDB Provider","ProcedureColumns","DATE_CREATED","DateTime",""
"Microsoft Oracle OLEDB Provider","ProcedureColumns","DATE_MODIFIED","DateTime",""
"Microsoft Oracle OLEDB Provider","Views","PROCEDURE_CATALOG","String",""
"Microsoft Oracle OLEDB Provider","Views","PROCEDURE_SCHEMA","String",""
"Microsoft Oracle OLEDB Provider","Views","PROCEDURE_NAME","String",""
"Microsoft Oracle OLEDB Provider","Views","COLUMN_NAME","String",""
"Microsoft Oracle OLEDB Provider","Views","COLUMN_GUID","Guid",""
"Microsoft Oracle OLEDB Provider","Views","COLUMN_PROPID","Int64",""
"Microsoft Oracle OLEDB Provider","Views","ROWSET_NUMBER","Int64",""
"Microsoft Oracle OLEDB Provider","Views","ORDINAL_POSITION","Int64",""
"Microsoft Oracle OLEDB Provider","Views","IS_NULLABLE","Boolean",""
"Microsoft Oracle OLEDB Provider","Views","DATA_TYPE","Int32",""
"Microsoft Oracle OLEDB Provider","Views","TYPE_GUID","Guid",""
"Microsoft Oracle OLEDB Provider","Views","CHARACTER_MAXIMUM_LENGTH","Int64",""
"Microsoft Oracle OLEDB Provider","Views","CHARACTER_OCTET_LENGTH","Int64",""
"Microsoft Oracle OLEDB Provider","Views","NUMERIC_PRECISION","Int32",""
"Microsoft Oracle OLEDB Provider","Views","NUMERIC_SCALE","Int16",""
"Microsoft Oracle OLEDB Provider","Views","DESCRIPTION","String",""
"Microsoft Oracle OLEDB Provider","Views","OVERLOAD","Int16",""
"Microsoft Oracle OLEDB Provider","Indexes","TABLE_CATALOG","String",""
"Microsoft Oracle OLEDB Provider","Indexes","TABLE_SCHEMA","String",""
"Microsoft Oracle OLEDB Provider","Indexes","TABLE_NAME","String",""
"Microsoft Oracle OLEDB Provider","Indexes","VIEW_DEFINITION","String",""
"Microsoft Oracle OLEDB Provider","Indexes","CHECK_OPTION","Boolean",""
"Microsoft Oracle OLEDB Provider","Indexes","IS_UPDATABLE","Boolean",""
"Microsoft Oracle OLEDB Provider","Indexes","DESCRIPTION","String",""
"Microsoft Oracle OLEDB Provider","Indexes","DATE_CREATED","DateTime",""
"Microsoft Oracle OLEDB Provider","Indexes","DATE_MODIFIED","DateTime",""
"Microsoft Jet OLEDB Provider","Indexes","TABLE_CATALOG","String",""
"Microsoft Jet OLEDB Provider","Indexes","TABLE_SCHEMA","String",""
"Microsoft Jet OLEDB Provider","Indexes","TABLE_NAME","String",""
"Microsoft Jet OLEDB Provider","Indexes","INDEX_CATALOG","String",""
"Microsoft Jet OLEDB Provider","Indexes","INDEX_SCHEMA","String",""
"Microsoft Jet OLEDB Provider","Indexes","INDEX_NAME","String",""
"Microsoft Jet OLEDB Provider","Indexes","PRIMARY_KEY","Boolean",""
"Microsoft Jet OLEDB Provider","Indexes","UNIQUE","Boolean",""
"Microsoft Jet OLEDB Provider","Indexes","CLUSTERED","Boolean",""
"Microsoft Jet OLEDB Provider","Indexes","TYPE","Int32",""
"Microsoft Jet OLEDB Provider","Indexes","FILL_FACTOR","Int32",""
"Microsoft Jet OLEDB Provider","Indexes","INITIAL_SIZE","Int32",""
"Microsoft Jet OLEDB Provider","Indexes","NULLS","Int32",""
"Microsoft Jet OLEDB Provider","Indexes","SORT_BOOKMARKS","Boolean",""
"Microsoft Jet OLEDB Provider","Indexes","AUTO_UPDATE","Boolean",""
"Microsoft Jet OLEDB Provider","Indexes","NULL_COLLATION","Int32",""
"Microsoft Jet OLEDB Provider","Indexes","ORDINAL_POSITION","Int64",""
"Microsoft Jet OLEDB Provider","Indexes","COLUMN_NAME","String",""
"Microsoft Jet OLEDB Provider","Indexes","COLUMN_GUID","Guid",""
"Microsoft Jet OLEDB Provider","Indexes","COLUMN_PROPID","Int64",""
"Microsoft Jet OLEDB Provider","Indexes","COLLATION","Int16",""
"Microsoft Jet OLEDB Provider","Indexes","CARDINALITY","Decimal",""
"Microsoft Jet OLEDB Provider","Indexes","PAGES","Int32",""
"Microsoft Jet OLEDB Provider","Indexes","FILTER_CONDITION","String",""
"Microsoft Jet OLEDB Provider","Indexes","INTEGRATED","Boolean",""
"Microsoft Jet OLEDB Provider","Columns","TABLE_CATALOG","String",""
"Microsoft Jet OLEDB Provider","Columns","TABLE_SCHEMA","String",""
"Microsoft Jet OLEDB Provider","Columns","TABLE_NAME","String",""
"Microsoft Jet OLEDB Provider","Columns","TABLE_TYPE","String",""
"Microsoft Jet OLEDB Provider","Columns","TABLE_GUID","Guid",""
"Microsoft Jet OLEDB Provider","Columns","DESCRIPTION","String",""
"Microsoft Jet OLEDB Provider","Columns","TABLE_PROPID","Int64",""
"Microsoft Jet OLEDB Provider","Columns","DATE_CREATED","DateTime",""
"Microsoft Jet OLEDB Provider","Columns","DATE_MODIFIED","DateTime",""
"Microsoft Jet OLEDB Provider","Procedures","TABLE_CATALOG","String",""
"Microsoft Jet OLEDB Provider","Procedures","TABLE_SCHEMA","String",""
"Microsoft Jet OLEDB Provider","Procedures","TABLE_NAME","String",""
"Microsoft Jet OLEDB Provider","Procedures","COLUMN_NAME","String",""
"Microsoft Jet OLEDB Provider","Procedures","COLUMN_GUID","Guid",""
"Microsoft Jet OLEDB Provider","Procedures","COLUMN_PROPID","Int64",""
"Microsoft Jet OLEDB Provider","Procedures","ORDINAL_POSITION","Int64",""
"Microsoft Jet OLEDB Provider","Procedures","COLUMN_HASDEFAULT","Boolean",""
"Microsoft Jet OLEDB Provider","Procedures","COLUMN_DEFAULT","String",""
"Microsoft Jet OLEDB Provider","Procedures","COLUMN_FLAGS","Int64",""
"Microsoft Jet OLEDB Provider","Procedures","IS_NULLABLE","Boolean",""
"Microsoft Jet OLEDB Provider","Procedures","DATA_TYPE","Int32",""
"Microsoft Jet OLEDB Provider","Procedures","TYPE_GUID","Guid",""
"Microsoft Jet OLEDB Provider","Procedures","CHARACTER_MAXIMUM_LENGTH","Int64",""
"Microsoft Jet OLEDB Provider","Procedures","CHARACTER_OCTET_LENGTH","Int64",""
"Microsoft Jet OLEDB Provider","Procedures","NUMERIC_PRECISION","Int32",""
"Microsoft Jet OLEDB Provider","Procedures","NUMERIC_SCALE","Int16",""
"Microsoft Jet OLEDB Provider","Procedures","DATETIME_PRECISION","Int64",""
"Microsoft Jet OLEDB Provider","Procedures","CHARACTER_SET_CATALOG","String",""
"Microsoft Jet OLEDB Provider","Procedures","CHARACTER_SET_SCHEMA","String",""
"Microsoft Jet OLEDB Provider","Procedures","CHARACTER_SET_NAME","String",""
"Microsoft Jet OLEDB Provider","Procedures","COLLATION_CATALOG","String",""
"Microsoft Jet OLEDB Provider","Procedures","COLLATION_SCHEMA","String",""
"Microsoft Jet OLEDB Provider","Procedures","COLLATION_NAME","String",""
"Microsoft Jet OLEDB Provider","Procedures","DOMAIN_CATALOG","String",""
"Microsoft Jet OLEDB Provider","Procedures","DOMAIN_SCHEMA","String",""
"Microsoft Jet OLEDB Provider","Procedures","DOMAIN_NAME","String",""
"Microsoft Jet OLEDB Provider","Procedures","DESCRIPTION","String",""
"Microsoft Jet OLEDB Provider","Views","PROCEDURE_CATALOG","String",""
"Microsoft Jet OLEDB Provider","Views","PROCEDURE_SCHEMA","String",""
"Microsoft Jet OLEDB Provider","Views","PROCEDURE_NAME","String",""
"Microsoft Jet OLEDB Provider","Views","PROCEDURE_TYPE","Int16",""
"Microsoft Jet OLEDB Provider","Views","PROCEDURE_DEFINITION","String",""
"Microsoft Jet OLEDB Provider","Views","DESCRIPTION","String",""
"Microsoft Jet OLEDB Provider","Views","DATE_CREATED","DateTime",""
"Microsoft Jet OLEDB Provider","Views","DATE_MODIFIED","DateTime",""
"Microsoft Jet OLEDB Provider","Indexes","TABLE_CATALOG","String",""
"Microsoft Jet OLEDB Provider","Indexes","TABLE_SCHEMA","String",""
"Microsoft Jet OLEDB Provider","Indexes","TABLE_NAME","String",""
"Microsoft Jet OLEDB Provider","Indexes","VIEW_DEFINITION","String",""
"Microsoft Jet OLEDB Provider","Indexes","CHECK_OPTION","Boolean",""
"Microsoft Jet OLEDB Provider","Indexes","IS_UPDATABLE","Boolean",""
"Microsoft Jet OLEDB Provider","Indexes","DESCRIPTION","String",""
"Microsoft Jet OLEDB Provider","Indexes","DATE_CREATED","DateTime",""
"Microsoft Jet OLEDB Provider","Indexes","DATE_MODIFIED","DateTime",""
"Microsoft Jet OLEDB Provider","Indexes","TABLE_CATALOG","String",""
"Microsoft Jet OLEDB Provider","Indexes","TABLE_SCHEMA","String",""
"Microsoft Jet OLEDB Provider","Indexes","TABLE_NAME","String",""
"Microsoft Jet OLEDB Provider","Indexes","INDEX_CATALOG","String",""
"Microsoft Jet OLEDB Provider","Indexes","INDEX_SCHEMA","String",""
"Microsoft Jet OLEDB Provider","Indexes","INDEX_NAME","String",""
"Microsoft Jet OLEDB Provider","Indexes","PRIMARY_KEY","Boolean",""
"Microsoft Jet OLEDB Provider","Indexes","UNIQUE","Boolean",""
"Microsoft Jet OLEDB Provider","Indexes","CLUSTERED","Boolean",""
"Microsoft Jet OLEDB Provider","Indexes","TYPE","Int32",""
"Microsoft Jet OLEDB Provider","Indexes","FILL_FACTOR","Int32",""
"Microsoft Jet OLEDB Provider","Indexes","INITIAL_SIZE","Int32",""
"Microsoft Jet OLEDB Provider","Indexes","NULLS","Int32",""
"Microsoft Jet OLEDB Provider","Indexes","SORT_BOOKMARKS","Boolean",""
"Microsoft Jet OLEDB Provider","Indexes","AUTO_UPDATE","Boolean",""
"Microsoft Jet OLEDB Provider","Indexes","NULL_COLLATION","Int32",""
"Microsoft Jet OLEDB Provider","Indexes","ORDINAL_POSITION","Int64",""
"Microsoft Jet OLEDB Provider","Indexes","COLUMN_NAME","String",""
"Microsoft Jet OLEDB Provider","Indexes","COLUMN_GUID","Guid",""
"Microsoft Jet OLEDB Provider","Indexes","COLUMN_PROPID","Int64",""
"Microsoft Jet OLEDB Provider","Indexes","COLLATION","Int16",""
"Microsoft Jet OLEDB Provider","Indexes","CARDINALITY","Decimal",""
"Microsoft Jet OLEDB Provider","Indexes","PAGES","Int32",""
"Microsoft Jet OLEDB Provider","Indexes","FILTER_CONDITION","String",""
